desired_pipeline_step,prototype_implementation,production_implementation,artifacts
HealthLynked Provider / Practice Database,providers.csv-style fixture loaded by src.data.load_dataset(),RDS/DynamoDB operational store plus S3 snapshots and immutable evidence history,BENCHMARK_DATASHEET.md; AWS_PRODUCTION_ARCHITECTURE.md; data_minimization_schema.json
Find Outdated or Risky Records,"Candidate generation flags field deltas, stale evidence, peer mismatches, inactive/license status, and review priority.","Scheduled risk scan driven by last_verified_date, source freshness, license expiry, public source drift, reviewer feedback, and monitoring alerts.",candidate_updates.csv; review_queue.csv; freshness_summary.csv; monitoring_alerts.json; PUBLIC_DATASET_PROFILE.md
"Search Trusted Sources: NPI, CMS, state boards, practice websites","Evidence fixture and connector outputs model NPPES, state_license, practice_website, health_system, and guarded business_listing evidence.","Source Connector Registry with authority tiers, freshness SLAs, terms/governance checks, and optional Bedrock fallback only for messy official pages.",SOURCE_CONNECTOR_REGISTRY.md; nppes_api_evidence.csv; SOURCE_GOVERNANCE_CHECKLIST.md; LLM_FALLBACK_CONTRACT.md
Collect Updated Provider / Practice Data,"Evidence rows keep provider_id, practice_id, source, field, proposed value, age, and URL.",Connector agents write raw evidence snapshots to S3 and normalized evidence rows to the operational evidence store.,candidate_updates.csv; evidence_tool_manifest.json; source_connector_registry.csv
Clean and Normalize Data,"Normalizes phone, address, specialty, license status, accepting-new-patients, source freshness, and comparison keys.","Dedicated normalization lane for provider names, practice names, addresses, phones, specialties, affiliations, and source-specific field mappings.",SPECIALTY_NORMALIZATION.md; FIELD_RISK_POLICY.md; MVP_FIELD_COVERAGE.md; public_dataset_missingness.csv
Match Provider / Practice Records,"Stable provider/practice IDs, NPI identity anchors, practice-peer checks, duplicate candidates, movement candidates, and practice-change candidates.","Identity-resolution agent combines NPI, names, addresses, phones, specialty, practice affiliation, and historical movement signals.",DUPLICATE_MOVEMENT_DETECTION.md; practice_change_candidates.csv; provider_movement_candidates.csv; NPPES_API_SMOKE.md
Assign Confidence Score,"Weighted source agreement, recency decay, field thresholds, source-count gates, and freshness/peer review reasons.","Versioned scoring formula calibrated by source authority, field risk, source agreement, freshness, reviewer outcomes, and missing-source robustness.",candidate_updates.csv; THRESHOLD_ROBUSTNESS_SWEEP.md; source_perturbation_stress_tests.csv; calibration.csv
Decision: No Change / Auto Update / Human Review,No-change records emit no candidate; high-confidence low-risk updates go to auto_apply_updates.csv; uncertain/conflicting changes go to review_queue.csv.,"Decision router applies safe auto-update rules, review-first identity policy, conflict rules, and reviewer disposition feedback.",auto_apply_updates.csv; review_queue.csv; REVIEW_DISPOSITION_AND_SLA.md; SOURCE_CONFLICT_ADJUDICATION.md
Save Audit Log + Update Provider Directory,"Audit event fixture, provider change timeline, rollback plan, package integrity manifest, and before/after candidate rows.","Append-only audit events, evidence hashes, approval history, rollback workflow, and monitor/relearn loop after applied updates.",audit_events.jsonl; provider_change_timeline.csv; rollback_plan.csv; AUDIT_ROLLBACK_WORKFLOW.md; PACKAGE_INTEGRITY_MANIFEST.md
